gene,canonical_acc,isoform_acc,canon_len,iso_len,topology,deletion_window,deletion_length,n_features_overlapping,features_overlapping,any_inhibitory_lexical,any_disorder_lexical
FAM3B,P58499,P58499-3,235,187,Internal Deletion / Splice,7-54,48,0,,False,False
ACOT12,Q8WYK0,Q8WYK0-2,555,167,C-Terminal Loss,166-553,388,3,Domain:HotDog ACOT-type 2[179-294](full); Domain:START[340-549](full); Binding site:[234-236](full),False,False
CSHL1,Q14406,Q14406-4,222,128,N-Terminal Loss,1-94,94,1,Binding site:[44-44](full),False,False
PCTP,Q9UKL6,Q9UKL6-2,214,142,N-Terminal Loss,1-72,72,2,Domain:START[1-212](partial); Binding site:[72-72](full),False,False
CYB5RL,Q6IPT4,Q6IPT4-3,315,167,N-Terminal Loss,1-148,148,2,Domain:Oxidoreductase-like[19-55](full); Domain:FAD-binding FR-type[75-177](partial),False,False
HLA-G,P17693,P17693-7,338,116,C-Terminal Loss,115-336,222,14,Topological domain:Extracellular[25-308](partial); Transmembrane:Helical[309-332](full); Topological domain:Cytoplasmic[333-338](partial); Domain:Ig-like C1-type[209-299](full); Region:Alpha-2[115-206](full); Region:Alpha-3[207-298](full); Region:Connecting peptide[299-308](full); Motif:ER-retrieval signal[334-336](full); Binding site:[167-167](full); Binding site:[170-170](full); Binding site:[179-179](full); Binding site:[180-180](full); Binding site:[183-183](full); Binding site:[195-195](full),False,False
ABHD17A,Q96GS6,Q96GS6-3,310,236,C-Terminal Loss,236-309,74,2,Active site:Charge relay system[255-255](full); Active site:Charge relay system[284-284](full),False,False
CSHL1,Q14406,Q14406-3,222,139,N-Terminal Loss,4-86,83,1,Binding site:[44-44](full),False,False
DCAF17,Q5H9S7,Q5H9S7-2,520,240,N-Terminal Loss,1-280,280,2,Transmembrane:Helical[186-206](full); Transmembrane:Helical[222-242](full),False,False
COPZ1,P61923,P61923-3,177,154,Internal Deletion / Splice,7-29,23,0,,False,False
DNAJC27,Q9NZQ0,Q9NZQ0-3,273,177,C-Terminal Loss,177-272,96,1,Domain:J[217-273](partial),False,False
OGG1,O15527,O15527-6,345,195,C-Terminal Loss,191-340,150,11,Region:Disordered[324-345](partial); Compositional bias:Basic and acidic residues[324-334](full); Compositional bias:Basic residues[335-345](partial); Active site:Schiff-base intermediate with DNA[249-249](full); Binding site:[204-204](full); Binding site:[266-266](full); Binding site:[268-268](full); Binding site:[270-270](full); Binding site:[287-287](full); Binding site:[315-315](full); Binding site:[319-319](full),False,True
SLC22A7,Q9Y694,Q9Y694-4,548,241,Internal Deletion / Splice,8-314,307,6,Transmembrane:Helical[21-41](full); Transmembrane:Helical[146-166](full); Transmembrane:Helical[180-200](full); Transmembrane:Helical[204-224](full); Transmembrane:Helical[234-254](full); Transmembrane:Helical[259-279](full),False,False
THAP4,Q8WY91,Q8WY91-2,577,165,N-Terminal Loss,2-413,412,7,Zinc finger:THAP-type[1-85](partial); Region:Disordered[84-221](full); Region:Disordered[240-324](full); Motif:HCFC1-binding motif (HBM)[235-238](full); Compositional bias:Low complexity[157-170](full); Compositional bias:Basic and acidic residues[247-266](full); Compositional bias:Low complexity[290-300](full),False,True
TRAF3IP2,O43734,O43734-4,574,109,N-Terminal Loss,1-465,465,8,Domain:SEFIR[409-550](partial); Region:Mediates interaction with TRAF6[1-256](full); Region:Disordered[1-67](full); Region:Disordered[155-211](full); Region:Disordered[327-403](full); Compositional bias:Polar residues[52-67](full); Compositional bias:Polar residues[170-186](full); Compositional bias:Pro residues[378-394](full),False,True
ANKH,Q9HCJ1,Q9HCJ1-2,492,294,N-Terminal Loss,1-198,198,8,Topological domain:Cytoplasmic[1-85](full); Transmembrane:Helical[86-106](full); Topological domain:Extracellular[107-131](full); Transmembrane:Helical[132-152](full); Topological domain:Cytoplasmic[153-158](full); Transmembrane:Helical[159-179](full); Topological domain:Extracellular[180-189](full); Transmembrane:Helical[190-210](partial),False,False
PDCD2,Q16342,Q16342-4,344,228,Internal Deletion / Splice,221-336,116,1,Region:Required for interaction with RPS2/uS5[261-292](full),False,False
CAPN10,Q9HC96,Q9HC96-5,672,444,C-Terminal Loss,440-667,228,2,Region:Domain III 1[322-494](partial); Region:Domain III 2[513-654](full),False,False
SLC66A1,Q6ZP29,Q6ZP29-2,291,180,N-Terminal Loss,1-111,111,7,Topological domain:Lumenal[1-37](full); Transmembrane:Helical[38-58](full); Topological domain:Cytoplasmic[59-71](full); Transmembrane:Helical[72-92](full); Topological domain:Lumenal[93-98](full); Transmembrane:Helical[99-119](partial); Domain:PQ-loop 1[34-100](full),False,False
AJUBA,Q96IF1,Q96IF1-2,538,121,N-Terminal Loss,1-417,417,9,Domain:LIM zinc-binding 1[336-397](full); Domain:LIM zinc-binding 2[401-461](partial); Region:PreLIM[1-335](full); Region:Disordered[1-172](full); Region:Disordered[291-315](full); Motif:Nuclear localization signal[280-288](full); Compositional bias:Basic and acidic residues[1-22](full); Compositional bias:Gly residues[29-57](full); Compositional bias:Low complexity[115-138](full),False,True
MRPL21,Q7Z2W9,Q7Z2W9-2,205,120,N-Terminal Loss,1-85,85,0,,False,False
AKR1C8,Q5T2L2,Q5T2L2-3,326,129,C-Terminal Loss,127-323,197,3,Binding site:[169-170](full); Binding site:[193-193](full); Binding site:[271-283](full),False,False
MAGT1,Q9H0U3,Q9H0U3-2,335,134,C-Terminal Loss,131-331,201,10,Topological domain:Extracellular[30-184](partial); Transmembrane:Helical[185-205](full); Topological domain:Cytoplasmic[206-209](full); Transmembrane:Helical[210-230](full); Topological domain:Extracellular[231-270](full); Transmembrane:Helical[271-291](full); Topological domain:Cytoplasmic[292-300](full); Transmembrane:Helical[301-321](full); Topological domain:Extracellular[322-335](partial); Domain:Thioredoxin[47-175](partial),False,False
EPHB4,P54760,P54760-4,987,414,C-Terminal Loss,414-986,573,13,Topological domain:Extracellular[16-539](partial); Transmembrane:Helical[540-560](full); Topological domain:Cytoplasmic[561-987](partial); Domain:Fibronectin type-III 1[323-432](partial); Domain:Fibronectin type-III 2[436-529](full); Domain:Protein kinase[615-899](full); Domain:SAM[907-971](full); Region:Disordered[965-987](partial); Motif:PDZ-binding[985-987](partial); Compositional bias:Gly residues[976-987](partial); Active site:Proton acceptor[740-740](full); Binding site:[621-629](full); Binding site:[647-647](full),False,True
EPHA7,Q15375,Q15375-3,998,279,C-Terminal Loss,278-996,719,11,Topological domain:Extracellular[28-555](partial); Transmembrane:Helical[556-576](full); Topological domain:Cytoplasmic[577-998](partial); Domain:Fibronectin type-III 1[331-441](full); Domain:Fibronectin type-III 2[442-537](full); Domain:Protein kinase[633-894](full); Domain:SAM[923-987](full); Motif:PDZ-binding[996-998](partial); Active site:Proton acceptor[758-758](full); Binding site:[639-647](full); Binding site:[665-665](full),False,False
LETMD1,Q6P1Q0,Q6P1Q0-5,360,100,N-Terminal Loss,1-260,260,5,Topological domain:Cytoplasmic[1-137](full); Transmembrane:Helical[138-158](full); Topological domain:Mitochondrial intermembrane[159-360](partial); Domain:Letm1 RBD[186-360](partial); Region:Required and sufficient for mitochondrial import[1-110](full),False,False
EPHA10,Q5JZY3,Q5JZY3-2,1008,295,Internal Deletion / Splice,284-976;982-1001,713,8,Topological domain:Extracellular[34-565](partial); Transmembrane:Helical[566-586](full); Topological domain:Cytoplasmic[587-1008](partial); Domain:Fibronectin type-III 1[340-452](full); Domain:Fibronectin type-III 2[456-554](full); Domain:Protein kinase[645-900](full); Domain:SAM[933-997](partial); Region:Disordered[322-342](full),False,True
IL11,P20809,P20809-2,199,120,N-Terminal Loss,1-79,79,0,,False,False
ZDHHC13,Q8IUH4,Q8IUH4-3,622,492,N-Terminal Loss,1-130,130,4,Topological domain:Cytoplasmic[1-291](partial); Repeat:ANK 1[43-78](full); Repeat:ANK 2[81-110](full); Repeat:ANK 3[115-144](partial),False,False
ARL9,Q6T311,Q6T311-2,187,123,N-Terminal Loss,1-64,64,1,Binding site:[25-32](full),False,False
TRIB1,Q96RU8,Q96RU8-2,372,206,N-Terminal Loss,1-166,166,4,Domain:Protein kinase[91-338](partial); Region:Disordered[1-23](full); Region:Disordered[52-86](full); Compositional bias:Pro residues[59-75](full),False,True
MTRF1L,Q9UGC7,Q9UGC7-2,380,271,C-Terminal Loss,269-377,109,1,Region:GGQ domain[236-300](partial),False,False
CHIA,Q9BZP6,Q9BZP6-3,476,315,N-Terminal Loss,1-161,161,5,Domain:GH18[22-390](partial); Active site:Proton donor[140-140](full); Binding site:[70-71](full); Binding site:[97-100](full); Binding site:[141-141](full),False,False
NGLY1,Q96IV0,Q96IV0-4,654,131,N-Terminal Loss,1-523,523,11,Domain:PUB[30-91](full); Domain:PAW[454-654](partial); Region:Disordered[112-163](full); Compositional bias:Polar residues[124-163](full); Active site:Nucleophile[309-309](full); Active site:[336-336](full); Active site:[353-353](full); Binding site:[250-250](full); Binding site:[253-253](full); Binding site:[283-283](full); Binding site:[286-286](full),False,True
CAPN10,Q9HC96,Q9HC96-4,672,513,Internal Deletion / Splice,506-664,159,1,Region:Domain III 2[513-654](full),False,False
ACSM1,Q08AH1,Q08AH1-2,577,204,C-Terminal Loss,205-577,373,4,Binding site:[226-234](full); Binding site:[452-452](full); Binding site:[467-467](full); Binding site:[563-563](full),False,False
PTCHD1,Q96NR3,Q96NR3-2,888,783,N-Terminal Loss,1-105,105,1,Transmembrane:Helical[20-40](full),False,False
EPHA7,Q15375,Q15375-5,998,449,C-Terminal Loss,447-995,549,9,Topological domain:Extracellular[28-555](partial); Transmembrane:Helical[556-576](full); Topological domain:Cytoplasmic[577-998](partial); Domain:Fibronectin type-III 2[442-537](partial); Domain:Protein kinase[633-894](full); Domain:SAM[923-987](full); Active site:Proton acceptor[758-758](full); Binding site:[639-647](full); Binding site:[665-665](full),False,False
EI24,O14681,O14681-3,340,326,Internal Deletion / Splice,15-28,14,0,,False,False
SLC17A5,Q9NRA2,Q9NRA2-2,495,277,C-Terminal Loss,278-495,218,13,Topological domain:Cytoplasmic[249-279](partial); Transmembrane:Helical[280-300](full); Topological domain:Lumenal[301-328](full); Transmembrane:Helical[329-349](full); Topological domain:Cytoplasmic[350-365](full); Transmembrane:Helical[366-386](full); Topological domain:Lumenal[387-391](full); Transmembrane:Helical[392-412](full); Topological domain:Cytoplasmic[413-423](full); Transmembrane:Helical[424-444](full); Topological domain:Lumenal[445-457](full); Transmembrane:Helical[458-478](full); Topological domain:Cytoplasmic[479-495](full),False,False
SIAE,Q9HAT2,Q9HAT2-2,523,488,N-Terminal Loss,1-35,35,0,,False,False
MYSM1,Q5VVJ2,Q5VVJ2-3,828,234,N-Terminal Loss,1-594,594,5,Domain:SANT[116-167](full); Domain:SWIRM[372-470](full); Domain:MPN[577-709](partial); Region:Disordered[1-31](full); Compositional bias:Acidic residues[1-12](full),False,True
EPHB4,P54760,P54760-2,987,516,Internal Deletion / Splice,507-977,471,11,Topological domain:Extracellular[16-539](partial); Transmembrane:Helical[540-560](full); Topological domain:Cytoplasmic[561-987](partial); Domain:Fibronectin type-III 2[436-529](partial); Domain:Protein kinase[615-899](full); Domain:SAM[907-971](full); Region:Disordered[965-987](partial); Compositional bias:Gly residues[976-987](partial); Active site:Proton acceptor[740-740](full); Binding site:[621-629](full); Binding site:[647-647](full),False,True
EPHA2,P29317,P29317-2,976,497,Internal Deletion / Splice,477-955,479,11,Topological domain:Extracellular[24-537](partial); Transmembrane:Helical[538-558](full); Topological domain:Cytoplasmic[559-976](partial); Domain:Fibronectin type-III 2[438-529](partial); Domain:Protein kinase[613-875](full); Domain:SAM[904-968](partial); Region:Mediates interaction with ARHGEF16 and ELMO2[606-906](full); Region:Negatively regulates interaction with ARHGEF16[886-976](partial); Active site:Proton acceptor[739-739](full); Binding site:[619-627](full); Binding site:[646-646](full),False,False
HAAO,P46952,P46952-2,286,147,C-Terminal Loss,148-286,139,3,Region:Domain A (catalytic)[1-160](partial); Region:Linker[161-177](full); Region:Domain B[178-286](full),False,False
METTL8,Q9H825,Q9H825-2,291,241,N-Terminal Loss,1-50,50,0,,False,False
MMP2,P08253,P08253-2,660,584,N-Terminal Loss,1-76,76,1,Propeptide:Activation peptide[30-109](partial),True,False
PGR,P06401,P06401-3,933,339,N-Terminal Loss,1-594,594,18,"DNA binding:Nuclear receptor[567-639](partial); Zinc finger:NR C4-type[567-587](full); Region:Modulating, Pro-Rich[1-566](full); Region:AF3; mediates transcriptional activation (in isoform B)[1-164](full); Region:Disordered[1-157](full); Region:Mediates transcriptional transrepression (in isoform A)[165-305](full); Region:Disordered[195-241](full); Region:Disordered[331-351](full); Region:Disordered[415-452](full); Region:AF1; mediates transcriptional activation[456-546](full); Motif:LXXL motif 1[55-59](full); Motif:LXXL motif 2[115-119](full); Motif:Nuclear localization signal[183-187](full); Compositional bias:Acidic residues[220-231](full); Compositional bias:Low complexity[232-241](full); Compositional bias:Low complexity[335-350](full); Compositional bias:Pro residues[418-429](full); Compositional bias:Low complexity[430-452](full)",False,True
RTKN2,Q8IZC4,Q8IZC4-3,609,163,C-Terminal Loss,163-608,446,4,Domain:PH[286-393](full); Region:Disordered[495-520](full); Region:Disordered[554-609](partial); Compositional bias:Basic and acidic residues[569-582](full),False,True
SPDYE3,A6NKU9,A6NKU9-2,549,172,N-Terminal Loss,1-377,377,11,Region:Disordered[1-74](full); Region:Disordered[126-145](full); Region:Disordered[188-218](full); Region:Disordered[261-291](full); Region:Disordered[334-364](full); Compositional bias:Low complexity[1-15](full); Compositional bias:Acidic residues[58-74](full); Compositional bias:Acidic residues[131-145](full); Compositional bias:Acidic residues[204-218](full); Compositional bias:Acidic residues[277-291](full); Compositional bias:Acidic residues[350-364](full),False,True
TRAPPC10,P48553,P48553-2,1259,276,Internal Deletion / Splice,264-1246,983,1,Region:Disordered[1189-1222](full),False,True
DNAL1,Q4LDG9,Q4LDG9-3,190,151,N-Terminal Loss,1-39,39,0,,False,False
NSUN5P2,Q63ZY6,Q63ZY6-4,315,117,N-Terminal Loss,1-128;246-315,198,5,Region:Disordered[245-269](partial); Binding site:[50-56](full); Binding site:[74-74](full); Binding site:[79-79](full); Binding site:[121-121](full),False,True
STOX1,Q6ZVD7,Q6ZVD7-2,989,227,Internal Deletion / Splice,221-982,762,9,Region:Disordered[327-346](full); Region:Disordered[389-470](full); Region:Disordered[497-556](full); Region:Disordered[631-651](full); Region:Disordered[926-948](full); Compositional bias:Polar residues[390-399](full); Compositional bias:Basic residues[427-436](full); Compositional bias:Polar residues[497-508](full); Compositional bias:Basic and acidic residues[526-556](full),False,True
OSBPL1A,Q9BXW6,Q9BXW6-2,950,437,N-Terminal Loss,1-513,513,9,Repeat:ANK 1[47-76](full); Repeat:ANK 2[80-109](full); Repeat:ANK 3[175-204](full); Domain:PH[235-334](full); Region:Interaction with RAB7A[1-237](full); Region:Disordered[501-527](partial); Coiled coil:[430-463](full); Motif:FFAT[469-485](full); Compositional bias:Basic and acidic residues[501-521](partial),False,True
VPS54,Q9P1Q0,Q9P1Q0-5,977,139,N-Terminal Loss,1-838,838,5,Region:Disordered[535-575](full); Coiled coil:[240-260](full); Coiled coil:[480-507](full); Coiled coil:[582-603](full); Compositional bias:Polar residues[535-552](full),False,True
TSSK4,Q6SA08,Q6SA08-3,328,252,N-Terminal Loss,1-76,76,3,Domain:Protein kinase[25-293](partial); Binding site:[31-39](full); Binding site:[54-54](full),False,False
LRRFIP2,Q9Y608,Q9Y608-3,721,100,N-Terminal Loss,1-621,621,8,Region:DVL3-binding[1-370](full); Region:Disordered[232-262](full); Region:Disordered[295-338](full); Coiled coil:[22-49](full); Coiled coil:[349-524](full); Coiled coil:[566-714](partial); Compositional bias:Polar residues[237-251](full); Compositional bias:Polar residues[305-338](full),False,True
RGS4,P49798,P49798-5,205,187,N-Terminal Loss,1-18,18,0,,False,False
SKA3,Q8IX90,Q8IX90-2,412,35,C-Terminal Loss,35-411,377,2,Region:Disordered[132-156](full); Compositional bias:Polar residues[146-156](full),False,True
CFAP251,Q8TBY9,Q8TBY9-2,1149,941,Internal Deletion / Splice,925-1132,208,2,Repeat:WD 13[959-999](full); Repeat:WD 14[1019-1059](full),False,False
PDE8B,O95263,O95263-5,885,350,N-Terminal Loss,1-535,535,7,Domain:PAS[267-338](full); Region:Disordered[18-41](full); Region:Disordered[72-95](full); Region:Disordered[393-436](full); Compositional bias:Polar residues[23-34](full); Compositional bias:Low complexity[75-90](full); Compositional bias:Polar residues[422-436](full),False,True
MYNN,Q9NPC7,Q9NPC7-4,610,91,C-Terminal Loss,89-607,519,16,Domain:BTB[24-89](partial); Zinc finger:C2H2-type 1[302-324](full); Zinc finger:C2H2-type 2[330-352](full); Zinc finger:C2H2-type 3[358-381](full); Zinc finger:C2H2-type 4[387-409](full); Zinc finger:C2H2-type 5[415-437](full); Zinc finger:C2H2-type 6[443-465](full); Zinc finger:C2H2-type 7[471-493](full); Zinc finger:C2H2-type 8[499-522](full); Region:Disordered[169-197](full); Region:Disordered[521-556](full); Motif:Nuclear localization signal[174-190](full); Motif:Nuclear localization signal[257-262](full); Compositional bias:Polar residues[188-197](full); Compositional bias:Basic and acidic residues[523-539](full); Compositional bias:Polar residues[540-550](full),False,True
RNF212,Q495C1,Q495C1-2,297,123,C-Terminal Loss,124-297,174,1,Coiled coil:[91-124](partial),False,False
NPEPPSL1,A6NEC2,A6NEC2-3,478,163,C-Terminal Loss,163-477,315,6,Active site:Proton acceptor[353-353](full); Binding site:[180-180](full); Binding site:[316-320](full); Binding site:[352-352](full); Binding site:[356-356](full); Binding site:[375-375](full),False,False
ALCAM,Q13740,Q13740-3,583,133,C-Terminal Loss,132-581,450,9,Topological domain:Extracellular[28-527](partial); Transmembrane:Helical[528-549](full); Topological domain:Cytoplasmic[550-583](partial); Domain:Ig-like V-type 2[125-234](partial); Domain:Ig-like C2-type 1[245-328](full); Domain:Ig-like C2-type 2[333-409](full); Domain:Ig-like C2-type 3[416-501](full); Region:Disordered[562-583](partial); Compositional bias:Basic and acidic residues[569-583](partial),False,True
AK5,Q9Y6K8,Q9Y6K8-2,562,197,N-Terminal Loss,1-365,365,11,Region:Adenylate kinase 1[133-316](full); Region:NMP 1[162-193](full); Region:LID 1[256-266](full); Binding site:[142-147](full); Binding site:[168-168](full); Binding site:[191-193](full); Binding site:[219-222](full); Binding site:[226-226](full); Binding site:[257-257](full); Binding site:[263-263](full); Binding site:[274-274](full),False,False
MASP1,P48740,P48740-3,699,380,Internal Deletion / Splice,374-692,319,8,Domain:Sushi 2[365-434](partial); Domain:Peptidase S1[449-696](partial); Active site:Charge relay system[490-490](full); Active site:Charge relay system[552-552](full); Active site:Charge relay system[646-646](full); Active site:Charge relay system[497-497](full); Active site:Charge relay system[553-553](full); Active site:Charge relay system[664-664](full),False,False
CCDC150,Q8NCX0,Q8NCX0-4,1101,168,N-Terminal Loss,1-685;853-1100,933,6,Region:Disordered[1055-1101](partial); Coiled coil:[106-299](full); Coiled coil:[398-680](full); Coiled coil:[712-940](partial); Coiled coil:[970-1033](full); Compositional bias:Basic and acidic residues[1055-1071](full),False,True
CBR4,Q8N4T8,Q8N4T8-2,237,179,C-Terminal Loss,180-237,58,1,Binding site:[181-183](full),False,False
PIBF1,Q8WXW3,Q8WXW3-3,757,103,C-Terminal Loss,101-754,654,5,Region:Mediates modulation of Th2 dominant cytokine production[1-419](partial); Region:Sufficient for NK inhibitory function[1-184](partial); Region:Required for interaction with PCM1[271-363](full); Region:Disordered[712-757](partial); Compositional bias:Basic and acidic residues[742-751](full),True,True
ACOT7,O00154,O00154-4,380,338,N-Terminal Loss,2-43,42,0,,False,False
BACE2,Q9Y5Z0,Q9Y5Z0-4,518,439,N-Terminal Loss,1-79,79,2,Propeptide:[21-62](full); Topological domain:Extracellular[21-473](partial),True,False
CFLAR,O15519,O15519-4,480,235,N-Terminal Loss,1-245,245,9,Domain:DED 1[1-73](full); Domain:DED 2[92-170](full); Region:Not proteolytically processed and involved in apoptosis inhibition[1-435](partial); Region:Interaction with CASP8 propeptide[1-305](partial); Region:Interaction with FADD[1-227](full); Region:Interaction with CASP8[1-195](full); Region:Interaction with TRAF1 and TRAF2[192-480](partial); Region:Interaction with CASP3[192-435](partial); Region:Interaction with CASP8 subunits p18 and p10[217-480](partial),True,False
SLC14A2,Q15849,Q15849-2,920,397,N-Terminal Loss,1-523,523,13,Transmembrane:Helical[151-170](full); Transmembrane:Helical[176-196](full); Transmembrane:Helical[204-224](full); Transmembrane:Helical[233-253](full); Transmembrane:Helical[272-291](full); Transmembrane:Helical[302-322](full); Transmembrane:Helical[346-366](full); Transmembrane:Helical[370-390](full); Transmembrane:Helical[392-412](full); Region:Disordered[25-57](full); Region:Disordered[446-467](full); Compositional bias:Low complexity[26-39](full); Compositional bias:Basic and acidic residues[47-57](full),False,True
SRGAP3,O43295,O43295-3,1099,487,Internal Deletion / Splice,480-1091,612,14,Domain:Rho-GAP[506-694](full); Domain:SH3[744-803](full); Region:Disordered[471-493](partial); Region:Disordered[809-847](full); Region:Disordered[861-911](full); Region:Disordered[926-950](full); Region:Disordered[995-1099](partial); Coiled coil:[952-987](full); Compositional bias:Polar residues[809-820](full); Compositional bias:Basic and acidic residues[926-936](full); Compositional bias:Polar residues[937-947](full); Compositional bias:Low complexity[1026-1038](full); Compositional bias:Low complexity[1060-1074](full); Compositional bias:Polar residues[1089-1099](partial),False,True
GFER,P55789,P55789-2,205,125,N-Terminal Loss,1-80,80,3,Region:Disordered[1-65](full); Compositional bias:Basic and acidic residues[32-44](full); Compositional bias:Low complexity[45-60](full),False,True
PDGFC,Q9NRA1,Q9NRA1-4,345,182,N-Terminal Loss,1-163,163,1,Domain:CUB[46-163](full),False,False
NPAS4,Q8IUM7,Q8IUM7-3,802,234,C-Terminal Loss,234-801,568,9,Domain:PAS 2[203-273](partial); Domain:PAC[278-317](full); Region:Disordered[466-485](full); Region:Disordered[506-555](full); Region:Disordered[717-749](full); Coiled coil:[624-648](full); Compositional bias:Polar residues[466-476](full); Compositional bias:Polar residues[506-518](full); Compositional bias:Polar residues[532-555](full),False,True
FH,P07954,P07954-2,510,467,N-Terminal Loss,1-43,43,0,,False,False
NLRP12,P59046,P59046-4,1061,891,Internal Deletion / Splice,862-1031,170,7,Repeat:LRR 2[857-878](partial); Repeat:LRR 3[885-906](full); Repeat:LRR 4[914-935](full); Repeat:LRR 5[942-962](full); Repeat:LRR 6[971-992](full); Repeat:LRR 7[999-1020](full); Repeat:LRR 8[1028-1049](partial),False,False
CEP70,Q8NHQ1,Q8NHQ1-3,597,212,C-Terminal Loss,213-597,385,2,Repeat:TPR[483-516](full); Coiled coil:[254-326](full),False,False
CTSL,P07711,P07711-3,333,278,N-Terminal Loss,1-55,55,1,Propeptide:Activation peptide[18-113](partial),True,False
SEMA6D,Q8NFY4,Q8NFY4-7,1073,476,C-Terminal Loss,477-1073,597,14,Topological domain:Extracellular[21-662](partial); Transmembrane:Helical[663-683](full); Topological domain:Cytoplasmic[684-1073](full); Domain:Sema[27-512](partial); Domain:PSI[514-569](full); Region:Disordered[744-775](full); Region:Disordered[787-825](full); Region:Disordered[839-874](full); Region:Disordered[914-1005](full); Region:Disordered[1021-1073](full); Compositional bias:Basic and acidic residues[790-805](full); Compositional bias:Polar residues[931-942](full); Compositional bias:Polar residues[980-995](full); Compositional bias:Polar residues[1021-1037](full),False,True
SEMA6D,Q8NFY4,Q8NFY4-8,1073,597,Internal Deletion / Splice,570-588;601-921;933-1068,476,12,Topological domain:Extracellular[21-662](partial); Transmembrane:Helical[663-683](full); Topological domain:Cytoplasmic[684-1073](partial); Region:Disordered[744-775](full); Region:Disordered[787-825](full); Region:Disordered[839-874](full); Region:Disordered[914-1005](partial); Region:Disordered[1021-1073](partial); Compositional bias:Basic and acidic residues[790-805](full); Compositional bias:Polar residues[931-942](partial); Compositional bias:Polar residues[980-995](full); Compositional bias:Polar residues[1021-1037](full),False,True
NFIB,O00712,O00712-2,420,188,C-Terminal Loss,187-418,232,7,DNA binding:CTF/NF-I[1-195](partial); Region:Disordered[189-208](full); Region:Disordered[252-364](full); Region:Disordered[377-420](partial); Motif:9aaTAD[397-405](full); Compositional bias:Polar residues[325-340](full); Compositional bias:Polar residues[407-420](partial),False,True
ARMC3,Q5W041,Q5W041-5,872,397,Internal Deletion / Splice,391-865,475,7,Repeat:ARM 10[388-427](partial); Repeat:ARM 11[429-468](full); Repeat:ARM 12[470-509](full); Region:Disordered[610-693](full); Compositional bias:Low complexity[626-635](full); Compositional bias:Basic residues[636-646](full); Compositional bias:Basic and acidic residues[675-693](full),False,True
PECR,Q9BY49,Q9BY49-2,303,157,N-Terminal Loss,1-146,146,1,Binding site:[23-47](full),False,False
EFCC1,Q9HA90,Q9HA90-2,598,161,N-Terminal Loss,1-437,437,9,Domain:EF-hand[54-89](full); Region:Disordered[1-22](full); Region:Disordered[96-127](full); Region:Disordered[175-198](full); Region:Disordered[326-411](full); Coiled coil:[196-303](full); Compositional bias:Basic residues[175-185](full); Compositional bias:Basic and acidic residues[343-359](full); Compositional bias:Acidic residues[394-404](full),False,True
CDYL,Q9Y232,Q9Y232-3,598,309,N-Terminal Loss,1-289,289,9,Domain:Chromo[61-121](full); Region:Disordered[1-76](full); Region:Interaction with EZH2[61-309](partial); Region:Disordered[112-149](full); Region:Disordered[204-226](full); Compositional bias:Polar residues[44-56](full); Compositional bias:Basic and acidic residues[65-76](full); Compositional bias:Basic and acidic residues[112-121](full); Compositional bias:Polar residues[122-149](full),False,True
TBC1D22A,Q8WUA7,Q8WUA7-4,517,470,N-Terminal Loss,1-47,47,0,,False,False
GRIA4,P48058,P48058-2,902,433,Internal Deletion / Splice,424-892,469,14,Topological domain:Extracellular[22-544](partial); Transmembrane:Helical[545-565](full); Topological domain:Cytoplasmic[566-592](full); Topological domain:Cytoplasmic[612-617](full); Transmembrane:Helical[618-638](full); Topological domain:Extracellular[639-813](full); Transmembrane:Helical; Name=M4[814-834](full); Topological domain:Cytoplasmic[835-902](partial); Binding site:[500-500](full); Binding site:[502-502](full); Binding site:[507-507](full); Binding site:[676-676](full); Binding site:[677-677](full); Binding site:[727-727](full),False,False
RAB3IP,Q96QF0,Q96QF0-8,476,254,N-Terminal Loss,1-222,222,1,Coiled coil:[165-260](partial),False,False
SEPTIN9,Q9UHD8,Q9UHD8-4,586,335,N-Terminal Loss,1-251,251,5,Region:Disordered[1-49](full); Region:Disordered[62-108](full); Region:Disordered[134-268](partial); Compositional bias:Low complexity[1-14](full); Compositional bias:Basic and acidic residues[134-151](full),False,True
NR2F2,P24468,P24468-3,414,261,N-Terminal Loss,1-153,153,8,DNA binding:Nuclear receptor[76-151](full); Zinc finger:NR C4-type[79-99](full); Zinc finger:NR C4-type[115-139](full); Region:Disordered[1-72](full); Region:Interaction with ZFPM2[117-414](partial); Compositional bias:Pro residues[27-37](full); Compositional bias:Low complexity[38-57](full); Compositional bias:Gly residues[58-67](full),False,True
SPATC1L,Q9H0A9,Q9H0A9-2,340,186,N-Terminal Loss,1-154,154,3,Region:Disordered[42-73](full); Region:Disordered[94-135](full); Compositional bias:Basic and acidic residues[123-133](full),False,True
INTS3,Q68E01,Q68E01-4,1043,555,N-Terminal Loss,1-488,488,0,,False,False
GCDH,Q92947,Q92947-2,438,428,Internal Deletion / Splice,415-424,10,2,Binding site:[415-415](full); Binding site:[416-418](full),False,False
PML,P29590,P29590-10,882,435,Internal Deletion / Splice,419-865,447,7,Region:Interaction with PER2[448-555](full); Region:Disordered[467-589](full); Region:Sumo interaction motif (SIM)[556-562](full); Motif:Nuclear localization signal[476-490](full); Compositional bias:Polar residues[468-484](full); Compositional bias:Basic and acidic residues[489-501](full); Compositional bias:Polar residues[505-516](full),False,True
PML,P29590,P29590-14,882,423,C-Terminal Loss,419-877,459,7,Region:Interaction with PER2[448-555](full); Region:Disordered[467-589](full); Region:Sumo interaction motif (SIM)[556-562](full); Motif:Nuclear localization signal[476-490](full); Compositional bias:Polar residues[468-484](full); Compositional bias:Basic and acidic residues[489-501](full); Compositional bias:Polar residues[505-516](full),False,True
ALLC,Q8N6M5,Q8N6M5-2,391,162,N-Terminal Loss,1-229,229,0,,False,False
ZNF24,P17028,P17028-2,368,193,C-Terminal Loss,190-364,175,5,Zinc finger:C2H2-type 1[251-273](full); Zinc finger:C2H2-type 2[279-301](full); Zinc finger:C2H2-type 3[307-329](full); Zinc finger:C2H2-type 4[335-357](full); Region:Necessary and sufficient for nuclear localization[251-301](full),False,False
TRIP10,Q15642,Q15642-5,601,341,Internal Deletion / Splice,334-593,260,18,"Domain:REM-1[393-470](full); Domain:SH3[540-601](partial); Region:Disordered[280-358](partial); Region:Interaction with PDE6G[293-601](partial); Region:Interaction with CDC42[293-537](partial); Region:Disordered[390-420](full); Region:Required for interaction with FASLG and localization to lysosomes[471-601](partial); Region:Disordered[479-543](full); Region:Interaction with DNM2 and WASL[487-541](full); Region:Interaction with DNM1 and WASL[529-601](partial); Region:Required for podosome formation[538-601](partial); Region:Interaction with WAS[544-601](partial); Region:Interaction with ARHGAP17, DAAM1, DIAPH1 and DIAPH2[546-601](partial); Coiled coil:[388-481](full); Compositional bias:Low complexity[336-346](full); Compositional bias:Basic and acidic residues[407-420](full); Compositional bias:Low complexity[497-506](full); Compositional bias:Acidic residues[529-538](full)",False,True
CASP5,P51878,P51878-3,434,292,N-Terminal Loss,3-144,142,2,Propeptide:[1-136](partial); Domain:CARD[56-148](partial),True,False
SCARF1,Q14162,Q14162-4,830,337,C-Terminal Loss,338-830,493,10,Topological domain:Extracellular[20-421](partial); Transmembrane:Helical[422-442](full); Topological domain:Cytoplasmic[443-830](full); Domain:EGF-like 5[302-339](partial); Domain:EGF-like 6[351-382](full); Region:Disordered[516-539](full); Region:Disordered[581-688](full); Region:Disordered[715-830](full); Compositional bias:Acidic residues[634-643](full); Compositional bias:Low complexity[644-653](full),False,True
SCARF1,Q14162,Q14162-5,830,342,C-Terminal Loss,338-825,488,10,Topological domain:Extracellular[20-421](partial); Transmembrane:Helical[422-442](full); Topological domain:Cytoplasmic[443-830](partial); Domain:EGF-like 5[302-339](partial); Domain:EGF-like 6[351-382](full); Region:Disordered[516-539](full); Region:Disordered[581-688](full); Region:Disordered[715-830](partial); Compositional bias:Acidic residues[634-643](full); Compositional bias:Low complexity[644-653](full),False,True
PDE9A,O76083,O76083-7,593,386,N-Terminal Loss,1-207,207,2,Region:Disordered[87-141](full); Compositional bias:Basic and acidic residues[104-122](full),False,True
VEGFA,P15692-1,P15692-10,232,137,Internal Deletion / Splice,130-224,95,0,,False,False
MFN1,Q8IWA4,Q8IWA4-2,741,370,C-Terminal Loss,367-737,371,8,"Topological domain:Cytoplasmic[1-584](partial); Transmembrane:Helical; Name=1[585-605](full); Topological domain:Mitochondrial intermembrane[606-608](full); Transmembrane:Helical; Name=2[609-629](full); Topological domain:Cytoplasmic[630-741](partial); Region:Part of a helix bundle domain, formed by helices from N-terminal and C-terminal regions[703-734](full); Coiled coil:[371-408](full); Coiled coil:[679-734](full)",False,False
NOS3,P29474,P29474-3,1203,614,C-Terminal Loss,585-840;859-864;877-1203,589,24,Domain:Flavodoxin-like[520-703](partial); Domain:FAD-binding FR-type[756-1002](partial); Binding site:[654-654](full); Binding site:[661-661](full); Binding site:[687-687](full); Binding site:[691-691](full); Binding site:[776-776](full); Binding site:[798-798](full); Binding site:[938-938](full); Binding site:[940-940](full); Binding site:[941-941](full); Binding site:[956-956](full); Binding site:[958-958](full); Binding site:[962-962](full); Binding site:[975-975](full); Binding site:[976-976](full); Binding site:[977-977](full); Binding site:[1016-1016](full); Binding site:[1049-1049](full); Binding site:[1078-1078](full); Binding site:[1079-1079](full); Binding site:[1085-1085](full); Binding site:[1087-1087](full); Binding site:[1089-1089](full),False,False
TBC1D2,Q9BYX2,Q9BYX2-6,928,468,N-Terminal Loss,1-460,460,7,Domain:PH[45-142](full); Region:Interaction with CADH1[1-169](full); Region:Disordered[1-39](full); Region:Disordered[225-275](full); Region:Interaction with RAC1[295-433](full); Coiled coil:[298-416](full); Compositional bias:Low complexity[1-19](full),False,True
TFAP2C,Q92754,Q92754-2,450,281,N-Terminal Loss,1-169,169,4,Region:Disordered[13-63](full); Region:Disordered[90-126](full); Motif:PPxY motif[59-64](full); Compositional bias:Polar residues[95-110](full),False,True
MASP2,O00187,O00187-2,686,185,C-Terminal Loss,182-682,501,11,Domain:CUB 2[184-296](full); Domain:Sushi 1[298-363](full); Domain:Sushi 2[364-432](full); Domain:Peptidase S1[445-684](partial); Active site:Charge relay system[483-483](full); Active site:Charge relay system[532-532](full); Active site:Charge relay system[633-633](full); Binding site:[234-234](full); Binding site:[244-244](full); Binding site:[281-281](full); Binding site:[283-283](full),False,False
VEGFA,P15692-1,P15692-9,232,147,Internal Deletion / Splice,142-226,85,0,,False,False
MCTP1,Q6DN14,Q6DN14-5,999,515,N-Terminal Loss,1-484,484,19,Domain:C2 1[242-360](full); Domain:C2 2[452-569](partial); Region:Disordered[1-241](full); Compositional bias:Low complexity[1-19](full); Compositional bias:Gly residues[34-44](full); Compositional bias:Low complexity[65-79](full); Compositional bias:Polar residues[92-101](full); Compositional bias:Low complexity[131-141](full); Compositional bias:Low complexity[149-169](full); Compositional bias:Basic and acidic residues[175-185](full); Compositional bias:Basic and acidic residues[228-238](full); Binding site:[277-277](full); Binding site:[277-277](full); Binding site:[283-283](full); Binding site:[330-330](full); Binding site:[330-330](full); Binding site:[332-332](full); Binding site:[332-332](full); Binding site:[338-338](full),False,True
UPRT,Q96BW1,Q96BW1-3,309,167,N-Terminal Loss,1-114;282-309,142,3,Region:Disordered[1-38](full); Compositional bias:Polar residues[13-26](full); Binding site:[299-301](full),False,True
UMPS,P11172,P11172-2,480,302,N-Terminal Loss,1-178,178,1,Region:OPRTase[2-214](partial),False,False
RIOX1,Q9H6W3,Q9H6W3-2,641,429,N-Terminal Loss,1-212,212,3,Region:Disordered[1-35](full); Region:Disordered[54-80](full); Compositional bias:Basic residues[12-23](full),False,True
NCAM1,P13591-1,P13591-6,848,364,Internal Deletion / Splice,354-837,484,0,,False,False
PIP4K2B,P78356,P78356-2,416,281,Internal Deletion / Splice,275-409,135,2,Domain:PIPK[38-415](partial); Binding site:[369-369](full),False,False
ASNS,P08243,P08243-2,561,540,N-Terminal Loss,1-21,21,2,Domain:Glutamine amidotransferase type-2[2-191](partial); Active site:For GATase activity[2-2](full),False,False
WEE1,P30291,P30291-2,646,432,N-Terminal Loss,1-214,214,4,Region:Disordered[1-181](full); Compositional bias:Acidic residues[32-43](full); Compositional bias:Low complexity[94-103](full); Compositional bias:Basic and acidic residues[158-170](full),False,True
TERF2,Q15554,Q15554-4,542,293,C-Terminal Loss,281-317;328-539,249,7,Domain:HTH myb-type[484-541](partial); DNA binding:H-T-H motif[512-537](full); Region:TRFH dimerization[84-287](partial); Region:Disordered[288-323](partial); Region:Disordered[358-464](full); Motif:Nuclear localization signal[371-375](full); Compositional bias:Polar residues[412-425](full),False,True
P3H1,Q32P28,Q32P28-2,736,363,C-Terminal Loss,361-733,373,8,Domain:Fe2OG dioxygenase[564-678](full); Region:Disordered[699-736](partial); Coiled coil:[401-439](full); Motif:Prevents secretion from ER[733-736](partial); Active site:[669-669](full); Binding site:[587-587](full); Binding site:[589-589](full); Binding site:[659-659](full),False,True
REEP3,Q6NUK4,Q6NUK4-2,255,146,Internal Deletion / Splice,138-246,109,2,Region:Disordered[158-242](full); Compositional bias:Polar residues[222-231](full),False,True
MTX1,Q13505,Q13505-3,466,317,N-Terminal Loss,1-149,149,4,Region:Disordered[1-133](full); Compositional bias:Low complexity[1-19](full); Compositional bias:Polar residues[20-36](full); Compositional bias:Low complexity[90-110](full),False,True
NRL,P54845,P54845-2,237,98,N-Terminal Loss,1-139,139,2,Region:Disordered[23-57](full); Region:Minimal transactivation domain (MTD)[30-93](full),False,True
RNF212,Q495C1,Q495C1-3,297,192,C-Terminal Loss,193-297,105,0,,False,False
GRIK2,Q13002,Q13002-3,908,584,C-Terminal Loss,585-908,324,10,Transmembrane:Helical; Name=M1[552-585](partial); Topological domain:Cytoplasmic[586-606](full); Topological domain:Cytoplasmic[626-629](full); Transmembrane:Helical; Name=M3[630-660](full); Topological domain:Extracellular[661-815](full); Transmembrane:Helical; Name=M4[816-840](full); Topological domain:Cytoplasmic[841-908](full); Binding site:[689-689](full); Binding site:[690-690](full); Binding site:[738-738](full),False,False
CDCP1,Q9H5V8,Q9H5V8-3,836,343,C-Terminal Loss,342-834,493,5,Topological domain:Extracellular[30-667](partial); Transmembrane:Helical[668-688](full); Topological domain:Cytoplasmic[689-836](partial); Domain:CUB[417-544](full); Region:Disordered[776-836](partial),False,True
PRDX5,P30044,P30044-2,214,162,N-Terminal Loss,1-52,52,0,,False,False
PANK2,Q9BZ23,Q9BZ23-2,570,279,N-Terminal Loss,1-291,291,7,Region:Disordered[34-94](full); Region:Disordered[127-198](full); Motif:Nucleolar localization signal[82-94](full); Motif:Nuclear export signal[268-275](full); Compositional bias:Basic residues[84-93](full); Compositional bias:Basic and acidic residues[155-164](full); Compositional bias:Low complexity[168-179](full),False,True
PCSK6,P29122,P29122-5,969,623,C-Terminal Loss,623-968,346,9,Domain:P/Homo B[495-635](partial); Repeat:FU 1[692-739](full); Repeat:FU 2[743-790](full); Repeat:FU 3[794-838](full); Repeat:FU 4[842-887](full); Repeat:FU 5[895-943](full); Domain:PLAC[931-969](partial); Region:Disordered[658-683](full); Region:CRM (Cys-rich motif)[695-930](full),False,True
HLF,Q16534,Q16534-2,295,210,N-Terminal Loss,1-85,85,2,Region:Disordered[37-70](full); Compositional bias:Basic and acidic residues[37-52](full),False,True
ZC4H2,Q9NQZ6,Q9NQZ6-2,224,133,C-Terminal Loss,133-223,91,1,Zinc finger:C4H2-type[189-206](full),False,False
TIGIT,Q495A1,Q495A1-2,244,170,C-Terminal Loss,167-240,74,2,Topological domain:Cytoplasmic[163-244](partial); Motif:ITIM motif[229-234](full),False,False
MAX,P61244,P61244-3,160,103,C-Terminal Loss,99-155,57,4,Region:Leucine-zipper[81-102](partial); Region:Disordered[103-160](partial); Motif:Nuclear localization signal[152-156](partial); Compositional bias:Polar residues[107-132](full),False,True
DIABLO,Q9NR28,Q9NR28-2,239,186,N-Terminal Loss,2-54,53,0,,False,False
TMC5,Q6UXY8,Q6UXY8-4,1006,647,N-Terminal Loss,1-359,359,7,Topological domain:Extracellular[1-458](partial); Region:Disordered[1-289](full); Compositional bias:Polar residues[20-30](full); Compositional bias:Polar residues[50-59](full); Compositional bias:Polar residues[76-101](full); Compositional bias:Low complexity[138-149](full); Compositional bias:Basic and acidic residues[239-250](full),False,True
TLK1,Q9UKI8,Q9UKI8-3,766,549,N-Terminal Loss,1-217,217,8,Region:Disordered[1-197](full); Compositional bias:Polar residues[1-19](full); Compositional bias:Low complexity[20-33](full); Compositional bias:Basic and acidic residues[43-64](full); Compositional bias:Low complexity[68-85](full); Compositional bias:Polar residues[87-103](full); Compositional bias:Basic and acidic residues[105-121](full); Compositional bias:Low complexity[170-192](full),False,True
RSBN1L,Q6PCB5,Q6PCB5-2,846,576,N-Terminal Loss,1-270,270,9,Region:Disordered[15-124](full); Region:Disordered[145-222](full); Region:Disordered[242-272](partial); Compositional bias:Low complexity[66-108](full); Compositional bias:Polar residues[112-122](full); Compositional bias:Low complexity[145-155](full); Compositional bias:Basic residues[156-172](full); Compositional bias:Basic and acidic residues[183-211](full); Compositional bias:Basic residues[250-271](partial),False,True
CHEK2,O96017,O96017-13,543,322,N-Terminal Loss,1-221,221,5,Domain:FHA[113-175](full); Domain:Protein kinase[220-486](partial); Region:Disordered[1-66](full); Compositional bias:Polar residues[8-22](full); Compositional bias:Low complexity[23-62](full),False,True
PCSK6,P29122,P29122-4,969,652,Internal Deletion / Splice,623-939,317,9,Domain:P/Homo B[495-635](partial); Repeat:FU 1[692-739](full); Repeat:FU 2[743-790](full); Repeat:FU 3[794-838](full); Repeat:FU 4[842-887](full); Repeat:FU 5[895-943](partial); Domain:PLAC[931-969](partial); Region:Disordered[658-683](full); Region:CRM (Cys-rich motif)[695-930](full),False,True
BTN3A1,O00481,O00481-2,513,352,Internal Deletion / Splice,345-505,161,2,Topological domain:Cytoplasmic[272-513](partial); Domain:B30.2/SPRY[322-513](partial),False,False
RARB,P10826,P10826-3,455,336,N-Terminal Loss,1-119,119,5,DNA binding:Nuclear receptor[88-153](partial); Zinc finger:NR C4-type[88-108](full); Region:Modulating[1-87](full); Region:Disordered[47-78](full); Compositional bias:Polar residues[53-66](full),False,True
GDNF,P39905,P39905-5,211,159,N-Terminal Loss,1-52,52,3,Propeptide:[20-75](partial); Region:Disordered[21-56](partial); Compositional bias:Basic and acidic residues[27-38](full),True,True
TNFAIP1,Q13829,Q13829-2,316,212,N-Terminal Loss,1-104,104,1,Domain:BTB[28-96](full),False,False
CADM1,Q9BY67,Q9BY67-2,442,333,C-Terminal Loss,331-439,109,3,Topological domain:Extracellular[45-374](partial); Transmembrane:Helical[375-395](full); Topological domain:Cytoplasmic[396-442](partial),False,False
NLRP3,Q96P20,Q96P20-3,1036,719,C-Terminal Loss,720-1036,317,11,Repeat:LRR 1[742-762](full); Repeat:LRR 2[771-792](full); Repeat:LRR 3[799-819](full); Repeat:LRR 4[828-849](full); Repeat:LRR 5[856-876](full); Repeat:LRR 6[885-906](full); Repeat:LRR 7[913-933](full); Repeat:LRR 8[942-963](full); Repeat:LRR 9[970-991](full); Motif:KFERQ-like motif 3[798-802](full); Motif:KFERQ-like motif 4[991-995](full),False,False
SEPTIN9,Q9UHD8,Q9UHD8-3,586,422,N-Terminal Loss,1-164,164,5,Region:Disordered[1-49](full); Region:Disordered[62-108](full); Region:Disordered[134-268](partial); Compositional bias:Low complexity[1-14](full); Compositional bias:Basic and acidic residues[134-151](full),False,True
ARMC3,Q5W041,Q5W041-3,872,688,Internal Deletion / Splice,682-865,184,2,Region:Disordered[610-693](partial); Compositional bias:Basic and acidic residues[675-693](partial),False,True
BTBD6,Q96KE9-1,Q96KE9-2,485,410,N-Terminal Loss,1-75,75,0,,False,False
ESR1,P03372,P03372-3,595,422,N-Terminal Loss,1-173,173,5,Region:Modulating (transactivation AF-1); mediates interaction with MACROD1[1-184](partial); Region:Interaction with DDX5; self-association[35-174](partial); Region:Required for interaction with NCOA1[35-47](full); Region:Disordered[147-174](partial); Compositional bias:Basic and acidic residues[154-165](full),False,True
PSPC1,Q8WXF1,Q8WXF1-2,523,393,Internal Deletion / Splice,387-516,130,3,Region:Disordered[460-523](partial); Compositional bias:Polar residues[472-490](full); Compositional bias:Gly residues[497-514](full),False,True
SCYL1,Q96KG9,Q96KG9-5,808,626,Internal Deletion / Splice,603-784,182,9,Region:Disordered[587-646](partial); Region:Disordered[658-808](partial); Coiled coil:[761-797](partial); Compositional bias:Pro residues[601-617](partial); Compositional bias:Polar residues[660-680](full); Compositional bias:Basic and acidic residues[681-690](full); Compositional bias:Acidic residues[755-764](full); Compositional bias:Basic and acidic residues[765-775](full); Compositional bias:Basic and acidic residues[782-795](partial),False,True
DRC12,Q494R4,Q494R4-2,210,124,N-Terminal Loss,1-86,86,3,Region:Disordered[1-23](full); Coiled coil:[49-161](partial); Compositional bias:Basic residues[7-20](full),False,True
MCTP2,Q6DN12,Q6DN12-3,878,466,N-Terminal Loss,1-412,412,14,Domain:C2 1[177-292](full); Domain:C2 2[334-452](partial); Region:Disordered[20-46](full); Region:Disordered[60-163](full); Compositional bias:Low complexity[69-83](full); Compositional bias:Polar residues[134-145](full); Binding site:[210-210](full); Binding site:[210-210](full); Binding site:[216-216](full); Binding site:[263-263](full); Binding site:[263-263](full); Binding site:[265-265](full); Binding site:[265-265](full); Binding site:[270-270](full),False,True
B4GALNT2,Q8NHY0,Q8NHY0-3,566,480,N-Terminal Loss,1-86,86,4,Topological domain:Cytoplasmic[1-67](full); Transmembrane:Helical; Signal-anchor for type II membrane protein[68-88](partial); Region:ER exit and post-Golgi subcellular localization[1-22](full); Motif:Vesicular targeting[9-15](full),False,False
CAPN3,P20807,P20807-5,821,156,N-Terminal Loss,1-665,665,14,Domain:Calpain catalytic[74-417](full); Domain:EF-hand 1[649-683](partial); Region:Disordered[7-37](full); Region:Domain III[418-586](full); Region:Linker[587-649](full); Region:Disordered[609-652](full); Region:Domain IV[650-821](partial); Compositional bias:Basic and acidic residues[622-634](full); Compositional bias:Low complexity[635-645](full); Active site:[129-129](full); Active site:[334-334](full); Active site:[358-358](full); Binding site:[662-662](full); Binding site:[665-665](full),False,True
NAAA,Q02083,Q02083-2,359,323,C-Terminal Loss,324-359,36,0,,False,False
DUT,P33316,P33316-2,252,164,N-Terminal Loss,2-89,88,1,Region:Disordered[78-104](partial),False,True
CASP9,P55211,P55211-4,416,333,N-Terminal Loss,1-83,83,1,Domain:CARD[1-92](partial),False,False
PAIP1,Q9H074,Q9H074-3,479,367,N-Terminal Loss,1-112,112,4,Region:Disordered[1-114](partial); Compositional bias:Gly residues[11-33](full); Compositional bias:Pro residues[45-69](full); Compositional bias:Polar residues[98-111](full),False,True
TMC3,Q7Z5M5,Q7Z5M5-2,1100,724,C-Terminal Loss,722-1097,376,6,Topological domain:Cytoplasmic[701-1100](partial); Region:Disordered[738-812](full); Region:Disordered[929-956](full); Region:Disordered[1005-1090](full); Compositional bias:Polar residues[751-793](full); Compositional bias:Low complexity[1041-1059](full),False,True
NUDT6,P53370,P53370-2,316,147,N-Terminal Loss,1-169,169,1,Domain:Nudix hydrolase[141-273](partial),False,False
MPZL1,O95297,O95297-3,269,209,Internal Deletion / Splice,203-262,60,5,Topological domain:Cytoplasmic[184-269](partial); Region:Disordered[199-238](partial); Motif:ITIM motif 1[239-244](full); Motif:ITIM motif 2[261-266](partial); Compositional bias:Polar residues[202-211](partial),False,True
BDH2,Q9BUT1,Q9BUT1-3,245,144,N-Terminal Loss,1-101,101,3,Binding site:[16-18](full); Binding site:[37-37](full); Binding site:[58-58](full),False,False
TFR2,Q9UP52,Q9UP52-2,801,630,N-Terminal Loss,1-171,171,6,Topological domain:Cytoplasmic[1-83](full); Transmembrane:Helical; Signal-anchor for type II membrane protein[84-104](full); Topological domain:Extracellular[105-801](partial); Region:Disordered[16-45](full); Motif:Endocytosis signal[23-26](full); Compositional bias:Acidic residues[35-45](full),False,True
CASP5,P51878,P51878-6,434,364,N-Terminal Loss,1-70,70,2,Propeptide:[1-136](partial); Domain:CARD[56-148](partial),True,False
IRAK4,Q9NWZ3,Q9NWZ3-2,460,336,N-Terminal Loss,1-124,124,1,Domain:Death[20-104](full),False,False
GET4,Q7L5D6,Q7L5D6-2,327,274,N-Terminal Loss,1-53,53,0,,False,False
FLAD1,Q8NFF5,Q8NFF5-2,587,490,N-Terminal Loss,1-97,97,0,,False,False
KCNH5,Q8NCM2,Q8NCM2-2,988,611,C-Terminal Loss,608-984,377,10,Topological domain:Cytoplasmic[468-988](partial); Region:Calmodulin-binding[704-715](full); Region:Disordered[717-742](full); Region:Disordered[838-890](full); Region:CAD (involved in subunit assembly)[909-948](full); Region:Disordered[969-988](partial); Compositional bias:Polar residues[721-742](full); Compositional bias:Basic and acidic residues[871-885](full); Compositional bias:Basic and acidic residues[977-988](partial); Binding site:[550-667](partial),False,True
CASP5,P51878,P51878-2,434,376,N-Terminal Loss,4-61,58,2,Propeptide:[1-136](partial); Domain:CARD[56-148](partial),True,False
PCSK6,P29122,P29122-3,969,487,C-Terminal Loss,488-969,482,10,Domain:P/Homo B[495-635](full); Repeat:FU 1[692-739](full); Repeat:FU 2[743-790](full); Repeat:FU 3[794-838](full); Repeat:FU 4[842-887](full); Repeat:FU 5[895-943](full); Domain:PLAC[931-969](full); Region:Disordered[658-683](full); Region:CRM (Cys-rich motif)[695-930](full); Motif:Cell attachment site[553-555](full),False,True
SYN2,Q92777,Q92777-2,582,478,C-Terminal Loss,464-580,117,7,Region:Disordered[420-545](partial); Region:H; Pro/Ser-rich linker[458-533](partial); Region:E[534-582](partial); Compositional bias:Low complexity[462-474](partial); Compositional bias:Pro residues[475-484](full); Compositional bias:Low complexity[485-523](full); Compositional bias:Pro residues[524-534](full),False,True
DMPK,Q09013,Q09013-10,629,535,C-Terminal Loss,534-627,94,4,Topological domain:Cytoplasmic[1-590](partial); Transmembrane:Helical; Anchor for type IV membrane protein[591-611](full); Topological domain:Lumenal[612-629](partial); Coiled coil:[457-536](partial),False,False
ANO3,Q9BYT9,Q9BYT9-2,981,835,N-Terminal Loss,1-146,146,3,Topological domain:Cytoplasmic[1-403](partial); Region:Disordered[1-33](full); Compositional bias:Polar residues[1-22](full),False,True
SOAT1,P35610,P35610-3,550,485,N-Terminal Loss,1-65,65,2,Topological domain:Cytoplasmic[1-138](partial); Region:Disordered[1-39](full),False,True
NADK2,Q4G0N4,Q4G0N4-3,442,279,N-Terminal Loss,1-163,163,2,Region:Disordered[24-60](full); Compositional bias:Low complexity[24-36](full),False,True
SPAG6,O75602,O75602-2,509,458,Internal Deletion / Splice,441-481;491-500,51,0,,False,False
NT5C1B,Q96P26,Q96P26-3,610,402,N-Terminal Loss,1-208,208,6,Region:Disordered[1-34](full); Region:Disordered[101-277](partial); Compositional bias:Basic and acidic residues[9-34](full); Compositional bias:Polar residues[119-132](full); Compositional bias:Low complexity[148-166](full); Compositional bias:Pro residues[167-183](full),False,True
KCNA3,P22001,P22001-5,575,382,N-Terminal Loss,1-193,193,2,Topological domain:Cytoplasmic[1-234](partial); Region:Disordered[1-52](full),False,True
KLHDC2,Q9Y2U9,Q9Y2U9-2,406,249,Internal Deletion / Splice,239-395,157,3,Repeat:Kelch 4[221-259](partial); Repeat:Kelch 5[271-311](full); Repeat:Kelch 6[322-359](full),False,False
SRI,P30626,P30626-2,198,183,N-Terminal Loss,2-16,15,0,,False,False
HAPSTR1,Q14CZ0,Q14CZ0-2,275,198,C-Terminal Loss,199-275,77,3,Region:Disordered[204-227](full); Region:Disordered[250-275](full); Compositional bias:Polar residues[204-216](full),False,True
RRAGD,Q9NQL2,Q9NQL2-2,400,249,N-Terminal Loss,1-151,151,22,Region:Disordered[1-54](full); Compositional bias:Acidic residues[11-25](full); Compositional bias:Acidic residues[36-50](full); Binding site:[71-71](full); Binding site:[72-72](full); Binding site:[72-72](full); Binding site:[73-73](full); Binding site:[73-73](full); Binding site:[74-74](full); Binding site:[74-74](full); Binding site:[75-75](full); Binding site:[75-75](full); Binding site:[76-76](full); Binding site:[76-76](full); Binding site:[77-77](full); Binding site:[77-77](full); Binding site:[91-91](full); Binding site:[91-91](full); Binding site:[95-95](full); Binding site:[97-97](full); Binding site:[97-97](full); Binding site:[120-120](full),False,True
UXS1,Q8NBZ7,Q8NBZ7-3,420,252,N-Terminal Loss,1-168,168,17,Topological domain:Cytoplasmic[1-19](full); Transmembrane:Helical; Signal-anchor for type II membrane protein[20-40](full); Topological domain:Lumenal[41-420](partial); Binding site:[98-98](full); Binding site:[99-99](full); Binding site:[100-100](full); Binding site:[119-119](full); Binding site:[120-120](full); Binding site:[122-122](full); Binding site:[123-123](full); Binding site:[124-124](full); Binding site:[144-144](full); Binding site:[145-145](full); Binding site:[149-149](full); Binding site:[150-150](full); Binding site:[159-159](full); Binding site:[161-161](full),False,False
PMS2,P54278,P54278-3,862,572,C-Terminal Loss,570-859,290,1,Motif:Nuclear localization signal[577-580](full),False,False
GLYR1,Q49A26,Q49A26-4,553,484,N-Terminal Loss,1-69,69,1,Domain:PWWP[8-66](full),False,False
SART3,Q15020,Q15020-2,963,364,Internal Deletion / Splice,351-793;806-961,599,21,Repeat:HAT 5[324-356](partial); Repeat:HAT 6[359-391](full); Repeat:HAT 7[394-430](full); Repeat:HAT 8[487-520](full); Domain:RRM 1[704-782](full); Domain:RRM 2[801-878](partial); Region:Mediates interaction with PRPF3[2-351](partial); Region:Required for interaction with USP4[487-520](full); Region:Necessary and sufficient for U6 snRNA binding[537-953](partial); Region:Disordered[590-694](full); Region:Required for nuclear localization[600-670](full); Region:Disordered[878-898](full); Region:Disordered[920-948](full); Coiled coil:[559-619](full); Motif:Nuclear localization signal[601-608](full); Compositional bias:Basic and acidic residues[590-601](full); Compositional bias:Basic residues[602-617](full); Compositional bias:Acidic residues[626-639](full); Compositional bias:Basic and acidic residues[677-694](full); Compositional bias:Basic and acidic residues[882-891](full); Compositional bias:Low complexity[925-948](full),False,True
MTMR2,Q13614,Q13614-2,643,571,N-Terminal Loss,1-72,72,5,Domain:GRAM[68-139](partial); Region:Disordered[1-56](full); Compositional bias:Polar residues[1-12](full); Compositional bias:Polar residues[23-40](full); Compositional bias:Low complexity[41-55](full),False,True
KLHL13,Q9P2N7,Q9P2N7-2,655,613,N-Terminal Loss,1-42,42,0,,False,False
PDE9A,O76083,O76083-13,593,526,Internal Deletion / Splice,7-73,67,0,,False,False
B3GNT4,Q9C0J1,Q9C0J1-2,378,353,N-Terminal Loss,1-25,25,1,Topological domain:Cytoplasmic[1-28](partial),False,False
MLYCD,O95822,O95822-2,493,454,N-Terminal Loss,1-39,39,0,,False,False
P3H1,Q32P28,Q32P28-4,736,697,Internal Deletion / Splice,688-726,39,1,Region:Disordered[699-736](partial),False,True
AMPD3,Q01432,Q01432-6,767,608,N-Terminal Loss,1-159,159,1,Region:Disordered[89-111](full),False,True
PNPLA8,Q9NP80,Q9NP80-3,782,682,N-Terminal Loss,1-100,100,0,,False,False
TLK1,Q9UKI8,Q9UKI8-5,766,718,N-Terminal Loss,1-48,48,4,Region:Disordered[1-197](partial); Compositional bias:Polar residues[1-19](full); Compositional bias:Low complexity[20-33](full); Compositional bias:Basic and acidic residues[43-64](partial),False,True
PDE9A,O76083,O76083-14,593,552,N-Terminal Loss,2-42,41,0,,False,False
FGF13,Q92913,Q92913-2,245,192,N-Terminal Loss,3-55,53,2,Region:Mediates targeting to the nucleus[1-62](partial); Region:Disordered[1-36](partial),False,True
AHCY,P23526,P23526-2,432,404,N-Terminal Loss,1-28,28,0,,False,False
ECI2,O75521,O75521-2,394,359,N-Terminal Loss,1-35,35,0,,False,False
ABCG4,Q9H172,Q9H172-4,646,546,N-Terminal Loss,1-100,100,2,Topological domain:Cytoplasmic[1-393](partial); Domain:ABC transporter[61-301](partial),False,False
SEPTIN10,Q9P0V9,Q9P0V9-3,454,431,Internal Deletion / Splice,11-33,23,0,,False,False
SCYL1,Q96KG9,Q96KG9-4,808,781,C-Terminal Loss,780-806,27,4,Region:Disordered[658-808](partial); Region:Interaction with COPB1[793-808](partial); Coiled coil:[761-797](partial); Compositional bias:Basic and acidic residues[782-795](full),False,True
CARS1,P49589,P49589-2,748,726,Internal Deletion / Splice,705-726,22,0,,False,False
